date,usd_jpy,aluminum,copper,nickel,lead,tin,zinc,iron_ore
2000-01-01,107.1999969482422,180.13,197.67,890.78,50.61,635.46,126.37,28.79
2000-02-01,110.19000244140624,184.05,198.43,1063.7,49.85,621.7,120.65,28.79
2000-03-01,102.95999908447266,162.37,179.09,1058.44,45.44,561.94,114.94,28.79
2000-04-01,108.11000061035156,157.53,181.49,1051.64,45.53,582.11,121.9,28.79
2000-05-01,107.62999725341795,157.87,192.19,1090.32,44.35,586.71,124.52,28.79
2000-06-01,106.01000213623048,159.68,185.85,891.64,44.48,578.48,118.51,28.79
2000-07-01,109.33000183105467,170.94,196.72,892.61,49.43,584.24,124.22,28.79
2000-08-01,106.66999816894533,162.95,197.96,854.08,50.47,565.86,124.78,28.79
2000-09-01,108.12999725341795,173.14,211.98,934.02,52.67,591.94,132.39,28.79
2000-10-01,108.79000091552734,163.21,206.55,835.3,52.88,574.66,119.22,28.79
2000-11-01,110.37000274658205,162.67,198.13,810.09,51.65,581.59,116.88,28.79
2000-12-01,114.61000061035156,179.41,212.09,838.3,52.98,599.83,121.46,28.79
2001-01-01,116.68000030517578,188.51,208.57,816.15,55.78,603.29,120.54,30.03
2001-02-01,117.38999938964844,188.34,207.27,765.87,58.91,601.25,119.84,30.03
2001-03-01,126.11000061035156,190.32,219.28,773.5,62.85,636.4,126.7,30.03
2001-04-01,123.37999725341795,184.69,205.32,780.98,58.91,610.63,119.6,30.03
2001-05-01,119.2300033569336,183.47,200.57,841.86,55.64,589.59,111.84,30.03
2001-06-01,124.7300033569336,182.87,200.62,828.36,55.39,602.23,111.62,30.03
2001-07-01,125.01000213623048,177.06,190.67,742.19,57.7,543.91,106.56,30.03
2001-08-01,118.75,163.53,173.9,655.6,57.36,462.61,98.34,30.03
2001-09-01,119.47000122070312,160.63,170.4,600.58,55.53,441.38,95.41,30.03
2001-10-01,122.4000015258789,156.98,168.58,590.62,57.3,459.09,93.21,30.03
2001-11-01,123.4499969482422,163.87,176.25,626.93,60.06,498.96,95.41,30.03
2001-12-01,131.6699981689453,177.05,193.78,693.09,63.64,529.12,99.37,30.03
2002-01-01,134.8699951171875,184.58,202.84,815.04,69.2,520.85,106.98,29.31
2002-02-01,133.4600067138672,182.75,208.45,804.66,64.06,497.91,102.94,29.31
2002-03-01,132.91000366210938,186.74,213.3,868.9,63.82,510.75,108.89,29.31
2002-04-01,128.52999877929688,176.08,204.41,894.34,60.72,517.15,103.88,29.31
2002-05-01,124.05999755859376,166.65,197.96,838.81,56.06,514.82,95.46,29.31
2002-06-01,119.5199966430664,161.83,196.91,850.97,52.59,512.27,91.68,29.31
2002-07-01,119.77999877929688,160.28,190.39,855.55,53.43,518.8,95.21,29.31
2002-08-01,118.9000015258789,153.57,175.92,798.67,50.32,455.86,88.89,29.31
2002-09-01,121.83000183105467,158.53,180.15,808.98,51.33,482.13,92.13,29.31
2002-10-01,122.4499969482422,160.48,181.69,833.21,51.21,519.37,92.41,29.31
2002-11-01,122.5199966430664,168.12,193.86,896.1,54.18,518.26,93.76,29.31
2002-12-01,118.6999969482422,163.22,189.41,853.83,52.66,502.91,94.69,29.31
2003-01-01,119.91000366210938,165.27,197.57,962.4,53.32,531.88,93.7,31.95
2003-02-01,118.08999633789062,167.94,198.84,1018.29,56.19,539.76,92.72,31.95
2003-03-01,118.01000213623048,163.95,195.78,988.78,53.89,543.38,93.34,31.95
2003-04-01,118.81999969482422,158.27,188.62,939.88,51.97,542.5,89.67,31.95
2003-05-01,119.3000030517578,166.84,196.64,993.84,55.3,565.09,92.54,31.95
2003-06-01,119.66999816894533,168.72,201.82,1062.04,56.01,561.82,94.62,31.95
2003-07-01,120.55999755859376,173.13,206.16,1060.61,62.06,571.38,99.77,31.95
2003-08-01,116.66999816894533,169.91,205.37,1091.02,57.93,562.64,95.42,31.95
2003-09-01,111.29000091552734,157.54,199.16,1109.04,58.01,546.61,91.06,31.95
2003-10-01,110.0,162.17,211.26,1215.19,64.61,576.04,98.78,31.95
2003-11-01,109.86000061035156,165.71,225.81,1327.82,68.37,589.15,100.47,31.95
2003-12-01,107.4000015258789,167.0,236.42,1521.05,74.33,650.59,105.01,31.95
2004-01-01,105.70999908447266,169.82,256.2,1620.17,80.17,685.53,107.51,37.9
2004-02-01,109.0500030517578,183.82,300.93,1651.58,96.89,727.66,118.61,37.9
2004-03-01,104.20999908447266,172.57,313.54,1429.24,92.38,794.06,115.23,37.9
2004-04-01,110.37000274658205,190.91,325.45,1418.05,83.18,988.45,113.98,37.9
2004-05-01,109.5199966430664,177.78,299.37,1217.67,88.59,1036.0,112.62,37.9
2004-06-01,108.87000274658205,182.65,292.5,1473.39,94.75,1002.12,111.21,37.9
2004-07-01,111.36000061035156,190.34,312.75,1672.99,104.63,1007.18,110.06,37.9
2004-08-01,109.16999816894533,184.74,310.71,1493.39,100.63,984.92,106.53,37.9
2004-09-01,110.08000183105467,189.73,318.67,1460.86,102.97,992.87,107.35,37.9
2004-10-01,105.76000213623048,192.44,318.57,1523.4,98.65,956.62,112.63,37.9
2004-11-01,102.9000015258789,186.65,321.34,1445.28,99.59,933.35,112.74,37.9
2004-12-01,102.51000213623048,189.56,322.44,1411.44,99.94,876.85,120.98,37.9
2005-01-01,103.5999984741211,190.05,328.41,1502.72,98.75,801.42,129.12,65.0
2005-02-01,104.52999877929688,196.81,340.11,1604.48,102.18,845.52,138.63,65.0
2005-03-01,107.13999938964844,212.12,362.08,1734.67,107.57,900.77,147.01,65.0
2005-04-01,104.62000274658205,198.18,355.13,1688.77,103.13,852.01,136.02,65.0
2005-05-01,108.4000015258789,189.02,352.2,1835.37,107.11,880.75,134.81,65.0
2005-06-01,110.86000061035156,191.93,390.68,1791.45,109.32,844.63,141.43,65.0
2005-07-01,112.6999969482422,200.47,407.32,1643.25,96.3,807.98,134.61,65.0
2005-08-01,110.6500015258789,206.68,420.22,1647.88,98.15,795.45,143.67,65.0
2005-09-01,113.45999908447266,208.76,437.71,1614.33,105.87,769.7,158.56,65.0
2005-10-01,116.44000244140624,224.58,472.72,1444.19,116.99,747.88,173.31,65.0
2005-11-01,119.72000122070312,245.5,511.13,1450.49,121.92,737.48,192.86,65.0
2005-12-01,118.11000061035156,265.45,540.56,1586.13,132.76,792.93,215.18,65.0
2006-01-01,117.30999755859376,278.95,555.38,1707.47,147.38,827.2,245.21,67.2
2006-02-01,115.79000091552734,284.3,576.91,1734.39,147.87,906.2,256.98,65.2
2006-03-01,117.76000213623048,286.05,600.91,1754.32,140.38,934.96,284.62,66.7
2006-04-01,113.68000030517578,297.97,726.16,2039.67,133.05,1006.42,350.68,67.3
2006-05-01,112.52999877929688,322.0,905.4,2371.81,131.31,994.47,401.25,67.3
2006-06-01,114.48999786376952,283.63,824.05,2376.19,110.35,904.05,369.31,69.3
2006-07-01,114.51000213623048,287.73,883.11,3044.38,120.51,964.01,382.45,70.5
2006-08-01,117.36000061035156,288.7,903.16,3608.07,137.8,997.8,392.84,69.8
2006-09-01,118.02999877929688,291.87,897.31,3556.33,158.44,1066.91,401.66,70.0
2006-10-01,116.79000091552734,310.03,875.97,3819.38,178.82,1140.83,446.48,71.7
2006-11-01,115.68000030517578,312.66,813.14,3714.93,187.92,1165.95,506.94,73.5
2006-12-01,119.04000091552734,334.93,794.6,4115.24,205.4,1328.33,524.42,73.5
2007-01-01,120.73999786376952,339.2,684.55,4444.58,201.16,1371.83,457.2,78.2
2007-02-01,118.7300033569336,336.27,673.96,4889.81,211.29,1535.56,392.94,82.66
2007-03-01,117.81999969482422,325.39,760.23,5457.98,225.51,1636.87,385.42,88.55
2007-04-01,119.36000061035156,335.97,927.01,5999.85,238.83,1677.35,424.62,91.26
2007-05-01,121.75,340.02,935.21,6352.8,255.83,1721.54,466.46,102.02
2007-06-01,123.16000366210938,329.69,920.54,5138.06,298.69,1736.53,443.73,103.21
2007-07-01,118.41999816894533,323.58,944.11,3958.27,365.06,1745.25,419.87,106.09
2007-08-01,115.7699966430664,291.25,869.84,3201.3,361.14,1756.73,376.54,121.89
2007-09-01,114.81999969482422,274.56,878.26,3391.5,370.47,1724.94,330.84,148.65
2007-10-01,115.38999938964844,281.83,924.09,3583.49,429.22,1854.47,343.32,168.11
2007-11-01,111.76000213623048,280.17,778.6,3421.0,371.96,1865.48,284.02,195.09
2007-12-01,111.6500015258789,265.92,735.51,2902.0,289.85,1815.77,262.72,190.12
2008-01-01,106.2509994506836,259.84,750.24,2942.04,277.12,1735.85,248.64,193.37
2008-02-01,103.7699966430664,288.16,818.51,2900.94,319.6,1785.88,253.01,186.12
2008-03-01,99.8499984741211,300.08,842.66,3117.84,300.41,1977.42,250.77,197.12
2008-04-01,103.94300079345705,307.6,902.74,2989.73,293.41,2251.26,235.31,195.95
2008-05-01,105.43000030517578,306.05,883.79,2713.24,235.6,2536.88,230.06,192.95
2008-06-01,106.12000274658205,313.89,876.61,2392.91,197.71,2358.97,201.04,183.93
2008-07-01,107.80999755859376,331.11,907.12,2173.47,209.68,2494.65,199.7,180.5
2008-08-01,108.43000030517578,299.74,827.83,2052.34,208.57,2171.45,186.85,178.74
2008-09-01,106.06999969482422,267.91,741.52,1887.47,198.18,1948.39,184.08,139.64
2008-10-01,98.44000244140624,208.83,484.89,1195.04,145.7,1417.71,128.18,88.67
2008-11-01,95.33999633789062,176.61,354.38,1020.28,123.09,1300.77,109.89,64.95
2008-12-01,90.6500015258789,135.11,278.47,878.07,87.29,1018.91,99.77,69.98
2009-01-01,89.91999816894531,127.07,289.6,1016.72,101.86,1022.65,106.77,72.51
2009-02-01,97.66999816894533,129.92,323.75,1016.62,107.49,1078.2,108.62,75.59
2009-03-01,98.97000122070312,132.21,371.11,959.65,122.61,1056.59,120.42,64.07
2009-04-01,98.69000244140624,140.22,434.88,1101.97,136.5,1158.97,136.08,59.78
2009-05-01,95.31199645996094,139.2,435.45,1204.24,137.26,1314.68,141.42,62.69
2009-06-01,96.33100128173828,151.6,483.0,1441.16,161.3,1443.59,150.01,71.66
2009-07-01,94.63999938964844,157.86,493.6,1512.78,158.86,1328.64,149.4,83.95
2009-08-01,92.87000274658205,179.59,572.57,1824.13,176.46,1380.95,169.18,97.67
2009-09-01,89.87000274658203,164.83,556.87,1570.31,198.12,1336.29,169.32,80.71
2009-10-01,90.31999969482422,169.67,567.93,1673.2,202.39,1355.6,187.11,86.79
2009-11-01,86.25,168.13,575.77,1465.49,199.13,1288.78,189.18,99.26
2009-12-01,92.91000366210938,202.55,648.67,1585.64,216.34,1444.46,220.75,105.07
2010-01-01,90.2300033569336,201.68,666.46,1663.77,213.7,1598.4,219.66,125.72
2010-02-01,88.88999938964844,182.13,608.73,1686.78,188.77,1454.4,191.73,127.49
2010-03-01,93.5199966430664,206.27,697.92,2100.58,203.13,1641.21,212.76,139.69
2010-04-01,93.83000183105467,217.38,726.72,2442.47,212.51,1753.07,222.07,172.47
2010-05-01,91.19000244140624,186.08,623.53,2006.92,171.68,1601.85,179.5,161.35
2010-06-01,88.43000030517578,170.79,574.73,1714.54,150.68,1531.59,154.12,143.63
2010-07-01,86.44999694824219,171.89,582.26,1687.29,158.81,1572.64,159.4,126.36
2010-08-01,84.53199768066406,179.05,615.73,1810.11,175.42,1754.44,172.83,145.34
2010-09-01,83.76599884033203,181.13,645.78,1896.75,182.96,1901.58,180.21,140.63
2010-10-01,81.67900085449219,191.67,677.32,1944.56,194.37,2151.64,193.75,148.48
2010-11-01,84.25399780273438,196.57,713.62,1930.2,200.25,2150.09,193.08,156.1
2010-12-01,81.4800033569336,191.53,745.32,1964.58,196.61,2131.79,185.85,163.1
2011-01-01,82.08899688720703,200.26,784.42,2105.27,213.57,2254.59,194.68,179.18
2011-02-01,81.62200164794922,204.72,805.41,2306.01,211.13,2573.22,201.21,187.18
2011-03-01,83.1500015258789,212.49,790.2,2220.97,218.19,2543.64,194.69,169.36
2011-04-01,81.52999877929688,218.35,773.95,2153.07,220.23,2638.58,192.59,179.33
2011-05-01,80.87999725341797,210.0,724.68,1960.27,196.4,2319.35,175.3,177.05
2011-06-01,80.70999908447266,206.44,731.79,1809.59,203.79,2059.69,180.34,170.88
2011-07-01,77.7300033569336,196.3,750.13,1853.7,208.4,2129.65,186.38,172.98
2011-08-01,76.70099639892578,182.5,690.37,1675.54,183.87,1844.08,168.76,177.5
2011-09-01,76.76499938964844,176.06,637.16,1564.29,175.61,1729.25,159.3,177.23
2011-10-01,75.73999786376953,165.16,560.04,1442.02,148.48,1656.33,141.74,150.43
2011-11-01,77.95999908447266,162.16,591.02,1393.38,155.47,1659.9,150.88,135.54
2011-12-01,77.65899658203125,157.05,587.53,1418.58,157.05,1504.64,147.92,136.39
2012-01-01,76.36000061035156,163.73,613.97,1516.11,160.06,1637.05,151.33,140.26
2012-02-01,80.4800033569336,177.69,679.37,1641.28,170.72,1955.13,165.61,140.4
2012-03-01,82.86000061035156,180.98,701.89,1546.23,170.42,1904.57,168.7,144.66
2012-04-01,80.3499984741211,164.69,666.06,1441.46,166.41,1783.82,160.87,147.64
2012-05-01,78.98200225830078,158.57,628.35,1348.08,158.98,1611.65,152.91,136.61
2012-06-01,79.80999755859375,150.86,592.43,1320.79,147.98,1538.02,148.34,134.66
2012-07-01,78.10099792480469,146.54,592.34,1259.64,146.95,1448.47,144.31,127.94
2012-08-01,78.52999877929688,144.92,590.19,1235.69,149.26,1474.21,142.78,107.5
2012-09-01,77.96199798583984,160.92,630.54,1347.8,169.78,1619.37,156.69,99.47
2012-10-01,79.68399810791016,157.32,642.41,1368.07,170.68,1691.99,151.72,113.95
2012-11-01,82.1510009765625,160.1,633.49,1341.97,179.25,1701.6,157.11,120.35
2012-12-01,85.95999908447266,179.38,684.8,1499.87,195.97,1966.84,175.4,128.51
2013-01-01,91.02100372314452,185.48,732.48,1590.36,212.41,2234.19,184.97,150.49
2013-02-01,92.3030014038086,189.55,744.05,1632.85,218.37,2234.82,196.48,154.64
2013-03-01,94.27999877929688,180.03,720.83,1576.83,204.53,2196.4,181.59,139.87
2013-04-01,97.86399841308594,182.19,707.98,1533.82,198.41,2119.95,181.64,137.39
2013-05-01,101.0999984741211,185.22,732.92,1511.24,205.53,2100.44,185.17,124.01
2013-06-01,99.37999725341795,180.33,695.68,1419.17,208.67,2014.17,182.76,114.82
2013-07-01,98.01599884033205,173.45,676.96,1347.75,200.71,1917.57,180.12,127.19
2013-08-01,98.1500015258789,178.4,705.99,1405.01,213.4,2124.4,186.37,137.06
2013-09-01,97.8270034790039,172.3,700.37,1350.15,203.96,2224.1,180.67,134.19
2013-10-01,98.50700378417967,178.75,709.55,1390.69,208.38,2275.67,185.67,132.57
2013-11-01,102.43000030517578,179.04,724.25,1401.65,214.03,2338.16,191.18,136.32
2013-12-01,104.93399810791016,182.57,757.09,1461.16,224.22,2388.52,207.24,135.79
2014-01-01,102.75800323486328,177.51,749.26,1449.02,220.23,2267.24,209.31,128.12
2014-02-01,102.11000061035156,173.09,730.01,1450.32,215.25,2330.22,207.75,121.37
2014-03-01,102.88899993896484,175.46,684.22,1613.1,211.24,2368.95,206.59,111.83
2014-04-01,102.56400299072266,185.71,684.47,1781.91,214.06,2400.53,207.92,114.58
2014-05-01,101.83299255371094,178.31,701.74,1975.67,213.58,2369.78,209.67,100.56
2014-06-01,101.44300079345705,186.55,691.96,1889.76,213.73,2309.05,215.88,92.74
2014-07-01,102.83999633789062,200.36,731.54,1966.06,225.55,2306.09,237.62,96.05
2014-08-01,104.11799621582033,211.41,729.02,1936.62,232.9,2314.65,242.28,92.61
2014-09-01,109.38999938964844,217.73,751.75,1972.83,231.6,2307.09,251.01,82.38
2014-10-01,109.21299743652344,212.55,735.82,1726.92,222.17,2165.74,248.66,81.06
2014-11-01,118.82599639892578,244.25,797.66,1878.29,241.24,2380.5,267.74,73.73
2014-12-01,119.45800018310548,228.1,770.08,1906.79,231.52,2368.82,259.91,68.39
2015-01-01,117.4499969482422,213.14,684.8,1744.04,216.48,2284.89,248.18,68.23
2015-02-01,119.61722564697266,217.44,685.32,1743.28,214.79,2181.09,250.93,62.75
2015-03-01,120.01300048828124,212.89,712.84,1650.84,215.12,2090.86,243.47,58.05
2015-04-01,118.97000122070312,216.43,718.83,1526.49,238.58,1891.73,263.25,52.28
2015-05-01,123.81999969482422,223.38,779.42,1672.97,246.62,1956.8,282.53,60.3
2015-06-01,122.66999816894533,207.03,715.54,1573.27,224.42,1848.02,255.41,62.63
2015-07-01,124.0709991455078,203.41,677.02,1416.03,218.74,1869.94,248.23,52.39
2015-08-01,121.28900146484376,187.77,621.89,1259.71,206.63,1839.2,219.25,56.19
2015-09-01,119.86000061035156,190.53,625.34,1191.11,201.87,1852.24,206.19,56.95
2015-10-01,120.62725830078124,182.93,629.2,1244.49,207.49,1905.26,208.0,53.12
2015-11-01,122.83000183105467,180.3,589.57,1135.48,198.78,1811.16,194.48,46.86
2015-12-01,120.4499969482422,180.34,558.75,1048.85,205.56,1769.61,184.02,40.5
2016-01-01,121.33999633789062,179.72,542.61,1032.27,199.75,1675.47,184.48,41.88
2016-02-01,113.66000366210938,174.04,522.68,943.21,200.7,1774.25,194.34,46.83
2016-03-01,112.36599731445312,172.03,556.64,979.52,202.5,1898.72,202.45,56.2
2016-04-01,106.3499984741211,167.1,518.22,944.27,184.23,1811.43,197.32,60.92
2016-05-01,110.84100341796876,171.87,520.35,959.92,189.29,1851.82,207.17,55.13
2016-06-01,102.77799987792967,163.78,477.09,917.64,176.04,1743.8,208.25,51.98
2016-07-01,102.33200073242188,166.7,497.83,1050.22,187.76,1824.19,223.42,57.26
2016-08-01,102.86799621582033,168.63,488.79,1063.24,188.82,1895.55,234.45,60.89
2016-09-01,101.1989974975586,161.15,477.88,1031.4,197.1,1973.33,231.98,57.79
2016-10-01,104.56500244140624,174.19,494.72,1072.81,211.69,2101.73,241.7,59.09
2016-11-01,112.47000122070312,195.37,613.07,1251.67,245.25,2376.05,288.62,73.1
2016-12-01,116.88999938964844,201.96,661.64,1282.55,258.31,2478.58,311.49,80.02
2017-01-01,113.6500015258789,203.57,654.01,1133.26,254.87,2351.62,308.54,80.41
2017-02-01,112.74500274658205,209.79,669.81,1199.98,260.61,2192.49,320.82,89.44
2017-03-01,111.7760009765625,212.54,651.05,1140.64,254.95,2221.57,310.39,87.65
2017-04-01,111.302001953125,213.84,632.63,1069.53,247.16,2216.06,291.05,70.22
2017-05-01,110.83899688720705,212.04,620.65,1014.74,235.55,2238.98,287.1,62.43
2017-06-01,112.00900268554688,211.17,640.66,1000.44,238.91,2201.97,288.24,57.48
2017-07-01,110.51000213623048,210.3,661.42,1048.89,250.84,2234.9,308.01,67.74
2017-08-01,110.45999908447266,224.23,716.4,1202.91,259.41,2266.75,329.25,76.07
2017-09-01,112.99434661865234,236.89,743.18,1267.32,268.29,2349.9,352.19,71.53
2017-10-01,112.99600219726562,240.85,769.23,1280.9,282.29,2302.42,368.89,61.66
2017-11-01,112.0019989013672,234.92,764.59,1340.89,275.69,2190.48,361.69,64.24
2017-12-01,112.68000030517578,234.43,770.04,1295.27,282.82,2194.6,360.12,72.25
2018-01-01,108.73200225830078,240.27,768.28,1398.82,280.97,2250.42,374.2,76.34
2018-02-01,107.4260025024414,234.38,752.68,1460.55,277.27,2325.94,379.53,77.46
2018-03-01,106.2699966430664,219.9,722.55,1423.22,253.99,2254.19,347.42,70.35
2018-04-01,109.0979995727539,245.98,747.49,1520.62,256.64,2322.82,347.81,65.75
2018-05-01,108.71199798583984,250.0,741.99,1561.81,256.66,2267.61,332.64,66.1
2018-06-01,110.48600006103516,247.23,769.63,1668.96,269.18,2282.7,341.24,65.04
2018-07-01,110.99400329589844,231.12,693.8,1531.04,244.97,2189.89,294.81,64.56
2018-08-01,110.9990005493164,227.72,671.66,1488.65,227.94,2134.37,278.83,67.15
2018-09-01,113.68299865722656,230.37,687.87,1422.21,229.97,2156.24,276.78,68.44
2018-10-01,113.052001953125,229.48,703.14,1392.23,224.7,2161.72,302.26,73.41
2018-11-01,113.41100311279295,219.85,702.69,1274.71,219.69,2162.16,294.38,73.26
2018-12-01,110.33000183105467,211.88,670.29,1195.43,217.61,2124.91,288.66,69.16
2019-01-01,108.9810028076172,202.02,647.25,1255.8,217.65,2229.51,280.05,76.16
2019-02-01,110.86199951171876,206.53,698.48,1406.31,228.69,2357.36,300.12,88.22
2019-03-01,110.87000274658205,207.46,713.94,1444.22,226.89,2371.89,316.05,86.47
2019-04-01,111.677001953125,206.09,719.02,1426.43,216.54,2301.03,327.51,93.7
2019-05-01,109.35700225830078,194.79,658.1,1314.07,198.5,2135.08,299.95,100.15
2019-06-01,107.74700164794922,189.2,633.79,1286.92,204.69,2068.01,280.27,108.94
2019-07-01,108.56199645996094,195.08,644.99,1470.61,214.48,1951.71,265.6,120.24
2019-08-01,106.43800354003906,185.27,607.7,1676.25,217.62,1767.83,241.93,93.07
2019-09-01,107.94400024414062,189.28,621.68,1905.95,223.64,1816.76,251.68,93.08
2019-10-01,108.78900146484376,187.77,626.33,1854.44,237.6,1806.27,266.71,88.53
2019-11-01,109.44499969482422,194.24,641.34,1660.48,221.2,1787.84,265.46,84.98
2019-12-01,108.8730010986328,192.86,661.63,1505.65,206.92,1866.2,247.42,92.65
2020-01-01,108.8769989013672,193.05,656.66,1470.59,209.47,1854.09,256.33,95.76
2020-02-01,108.13600158691406,182.54,615.05,1375.01,202.49,1782.11,228.52,87.68
2020-03-01,108.03500366210938,174.03,559.91,1279.81,187.38,1651.95,205.66,88.99
2020-04-01,106.61000061035156,155.64,539.23,1258.43,176.71,1594.12,202.92,84.73
2020-05-01,107.76000213623048,158.02,564.64,1312.47,175.25,1659.71,212.86,93.65
2020-06-01,107.58999633789062,168.76,619.14,1369.31,187.73,1811.58,217.95,103.3
2020-07-01,104.68299865722656,172.08,667.09,1402.99,190.31,1828.8,227.92,108.52
2020-08-01,105.53500366210938,183.34,685.87,1534.24,204.29,1862.7,254.34,121.07
2020-09-01,105.66400146484376,184.25,708.47,1569.9,197.9,1896.8,258.08,123.75
2020-10-01,104.5540008544922,188.83,701.96,1593.34,185.72,1900.44,255.18,119.78
2020-11-01,104.08200073242188,201.43,735.75,1645.3,199.38,1927.86,278.07,124.36
2020-12-01,103.12100219726562,207.75,801.48,1734.81,208.35,2034.78,286.66,155.43
2021-01-01,104.68000030517578,209.78,834.52,1869.92,210.9,2294.61,283.19,169.63
2021-02-01,106.52999877929688,221.43,902.41,1979.79,221.59,2803.42,292.37,163.8
2021-03-01,110.30500030517578,241.62,991.45,1809.74,214.87,2984.96,307.96,168.18
2021-04-01,108.90399932861328,252.59,1015.51,1799.23,219.11,3085.08,308.09,179.83
2021-05-01,109.90699768066406,267.46,1116.87,1931.84,239.8,3544.08,325.95,207.72
2021-06-01,110.53500366210938,270.44,1064.62,1987.37,242.19,3592.67,326.28,214.43
2021-07-01,109.66999816894533,273.92,1036.47,2063.83,256.35,3730.99,323.25,214.14
2021-08-01,109.94400024414062,286.18,1030.19,2104.47,265.46,3850.68,328.51,162.16
2021-09-01,111.93599700927734,317.29,1043.77,2168.97,251.67,3905.14,339.84,124.52
2021-10-01,113.83499908447266,334.04,1118.91,2204.12,266.92,4294.19,382.48,122.91
2021-11-01,113.8040008544922,300.04,1107.19,2268.44,265.16,4456.42,376.84,96.24
2021-12-01,115.06300354003906,310.16,1098.99,2303.05,264.84,4536.07,391.12,116.96
2022-01-01,115.26200103759766,346.48,1127.53,2576.73,268.77,4816.99,414.84,132.53
2022-02-01,115.58499908447266,375.16,1149.28,2775.84,265.48,5083.82,418.42,142.84
2022-03-01,122.02100372314452,426.87,1248.38,4139.46,286.12,5362.78,483.47,152.07
2022-04-01,129.6820068359375,420.74,1317.75,4296.72,308.7,5575.17,565.47,151.25
2022-05-01,127.78399658203124,361.67,1198.25,3585.94,273.77,4570.76,479.38,131.21
2022-06-01,136.58900451660156,350.14,1232.64,3504.69,282.24,4310.65,495.78,130.74
2022-07-01,133.22999572753906,320.87,1005.2,2862.03,264.49,3383.48,413.73,108.57
2022-08-01,138.73399353027344,337.23,1107.35,3060.11,287.56,3419.44,497.72,108.85
2022-09-01,144.43099975585938,321.32,1118.76,3289.27,270.1,3050.97,451.34,99.81
2022-10-01,147.81199645996094,333.4,1130.92,3256.73,295.6,2866.25,438.59,92.56
2022-11-01,138.7449951171875,326.15,1116.88,3546.7,291.36,2948.26,407.76,93.34
2022-12-01,131.11000061035156,314.89,1098.1,3795.22,290.6,3169.24,410.31,111.84
2023-01-01,130.47900390625,326.43,1179.26,3678.8,287.22,3673.52,431.86,122.23
2023-02-01,136.31700134277344,329.37,1218.21,3643.47,285.32,3661.87,427.2,127.6
2023-03-01,133.2010040283203,305.89,1179.67,3102.07,281.74,3196.82,395.27,128.37
2023-04-01,136.32000732421875,319.43,1200.9,3257.31,293.01,3516.2,377.27,117.39
2023-05-01,139.79200744628906,317.13,1148.74,3071.28,291.27,3569.42,346.08,105.15
2023-06-01,144.77999877929688,316.31,1215.65,3074.15,307.35,3940.43,343.92,113.45
2023-07-01,140.75799560546875,304.0,1193.16,2968.76,296.88,4045.83,338.47,114.43
2023-08-01,146.0989990234375,312.15,1219.8,2986.07,314.67,3809.51,351.62,110.2
2023-09-01,149.3699951171875,326.32,1236.29,2934.32,336.4,3819.98,372.75,120.98
2023-10-01,149.11099243164062,326.88,1183.52,2725.93,318.16,3658.6,365.11,118.97
2023-11-01,147.03900146484375,323.82,1204.19,2503.69,321.79,3553.62,374.01,131.07
2023-12-01,141.02000427246094,307.77,1184.56,2321.31,285.83,3469.13,352.89,137.05
2024-01-01,147.36900329589844,323.15,1228.89,2373.21,307.43,3698.94,370.69,135.82
2024-02-01,150.656005859375,328.35,1251.19,2461.49,313.34,3932.74,355.56,124.39
2024-03-01,151.33999633789062,336.91,1315.01,2639.19,311.19,4154.35,372.45,109.79
2024-04-01,156.31399536132812,391.74,1479.42,2839.28,332.86,4966.8,427.17,112.75
2024-05-01,156.9530029296875,402.51,1591.4,3074.24,348.56,5175.92,464.44,118.88
2024-06-01,160.8800048828125,401.82,1552.2,2815.08,345.43,5153.42,451.94,107.45
2024-07-01,152.6699981689453,358.64,1432.86,2493.85,321.67,4864.14,424.01,106.85
2024-08-01,146.14999389648438,342.53,1311.25,2381.09,291.52,4602.5,396.66,99.91
2024-09-01,142.7830047607422,349.81,1318.96,2295.49,285.61,4493.62,405.08,92.83
2024-10-01,153.20399475097656,397.65,1460.65,2568.59,311.62,4904.43,475.82,101.39
2024-11-01,149.74600219726562,386.67,1359.05,2354.47,297.62,4440.7,449.87,100.5
2024-12-01,156.9949951171875,398.93,1399.82,2424.77,312.49,4531.66,476.35,102.21
2025-01-01,154.0970001220703,396.55,1385.55,2372.19,296.08,4563.18,434.39,99.58
2025-02-01,150.01199340820312,398.67,1399.7,2293.4,293.51,4775.33,420.05,105.08
2025-03-01,149.61700439453125,397.73,1457.22,2403.7,304.2,5094.14,432.29,100.1
2025-04-01,142.2989959716797,337.48,1305.85,2150.61,270.86,4633.97,373.04,97.24
2025-05-01,144.0399932861328,352.72,1373.13,2210.41,281.99,4606.57,380.9,96.97
2025-06-01,144.51699829101562,365.04,1421.33,2168.2,285.26,4703.17,383.64,92.33
2025-07-01,149.2259979248047,388.94,1458.02,2243.47,297.43,5015.52,412.25,97.26
2025-08-01,147.02000427246094,381.86,1421.62,2197.84,286.2,4974.24,410.06,99.74
2025-09-01,148.59500122070312,394.27,1483.54,2244.62,290.5,5124.14,435.82,103.28
2025-10-01,153.89999389648438,429.86,1652.87,2322.68,302.8,5542.23,485.09,103.53
2025-11-01,156.14999389648438,440.2,1688.3,2290.84,312.06,5771.81,496.06,102.48
2025-12-01,156.41299438476562,449.77,1843.37,2328.05,303.41,6447.27,495.5,104.59
2025-12-08,155.75,434.23,1814.19,362.59,47.26,1004.16,357.76,106.05
2025-12-15,157.7429962158203,452.41,1891.66,367.23,47.86,1017.01,362.34,106.92
2025-12-22,156.55999755859375,457.9,1990.34,364.48,47.5,1009.38,359.62,106.99
2025-12-29,156.7899932861328,460.65,1949.54,365.01,47.57,1010.87,360.15,107.17
2026-01-05,157.87899780273438,479.48,2038.08,367.55,47.9,1017.89,362.65,108.03
2026-01-12,158.17999267578125,480.04,2018.6,368.25,47.99,1019.83,363.34,107.15
2026-01-19,155.7100067138672,482.31,2029.14,362.5,47.24,1003.9,357.67,106.36
2026-01-26,154.74000549316406,469.56,2011.72,360.24,46.95,997.65,355.44,105.62
2026-02-02,157.1999969482422,472.23,2032.09,365.97,47.7,1013.51,361.09,100.11
2026-02-09,152.67999267578125,460.44,1949.76,355.45,46.32,984.37,350.71,99.66
2026-02-16,155.02999877929688,468.46,1992.93,360.92,47.04,999.52,356.1,99.33
2026-02-23,156.02999877929688,474.99,2065.47,363.25,47.34,1005.97,358.4,99.06
2026-03-02,157.77000427246094,524.98,2002.42,367.3,47.87,1017.19,362.4,101.91
2026-03-09,159.72999572753906,540.41,2012.33,371.86,48.46,1029.82,366.9,105.14
2026-03-16,159.24000549316406,493.96,1875.56,370.72,48.32,1026.66,365.77,105.89
2026-03-23,160.28399658203125,510.91,1931.85,373.15,48.63,1033.39,368.17,106.22
2026-03-30,159.6490020751953,544.56,1957.98,371.67,48.44,1029.3,366.71,107.45
2026-04-06,159.25999450683594,546.22,2061.18,370.77,48.32,1026.79,365.82,106.63
2026-04-13,159.30299377441406,570.19,293.65,370.87,48.33,1027.07,78.93,104.59
